"","UPSOYEAR","CNT"
"1",10,1
"2",10,1
"3",11,2
"4",11,1
"5",11,3
"6",11,1
"7",11,1
"8",11,1
"9",11,1
"10",0,2
"11",0,2
"12",11,1
"13",11,2
"14",11,1
"15",11,1
"16",11,1
"17",11,1
"18",11,1
"19",11,1
"20",11,2
"21",11,2
"22",0,1
"23",11,1
"24",0,1
"25",11,1
"26",11,1
"27",0,1
"28",11,1
"29",11,1
"30",0,1
"31",0,1
"32",11,1
"33",11,1
"34",0,1
"35",0,2
"36",11,1
"37",11,1
"38",0,2
"39",0,1
"40",11,4
"41",11,4
"42",12,2
"43",12,2
"44",1,1
"45",12,1
"46",12,1
"47",12,1
"48",12,2
"49",12,1
"50",12,1
"51",12,1
"52",12,2
"53",12,1
"54",12,1
"55",12,1
"56",2,4
"57",12,2
"58",12,2
"59",12,4
"60",1,1
"61",1,1
"62",12,2
"63",12,1
"64",12,2
"65",12,1
"66",0,1
"67",12,1
"68",12,2
"69",12,1
"70",12,2
"71",12,1
"72",12,2
"73",0,1
"74",1,2
"75",13,2
"76",13,1
"77",13,3
"78",13,1
"79",13,2
"80",13,4
"81",13,1
"82",13,1
"83",13,1
"84",13,1
"85",13,2
"86",2,3
"87",13,2
"88",13,2
"89",13,1
"90",13,1
"91",13,1
"92",13,1
"93",1,3
"94",1,2
"95",13,5
"96",13,3
"97",13,1
"98",13,1
"99",13,2
"100",13,3
"101",1,2
"102",13,1
"103",13,3
"104",13,1
"105",1,1
"106",2,2
"107",13,3
"108",13,1
"109",13,2
"110",2,1
"111",13,1
"112",13,1
"113",13,1
"114",1,1
"115",13,3
"116",0,1
"117",13,1
"118",2,1
"119",2,2
"120",13,1
"121",13,1
"122",13,1
"123",13,1
"124",13,1
"125",13,1
"126",13,2
"127",1,1
"128",13,2
"129",13,1
"130",13,3
"131",1,2
"132",13,1
"133",13,1
"134",13,1
"135",13,1
"136",13,1
"137",2,1
"138",13,2
"139",13,2
"140",13,2
"141",0,1
"142",0,2
"143",0,1
"144",13,1
"145",13,2
"146",3,1
"147",13,1
"148",13,1
"149",13,1
"150",13,1
"151",13,1
"152",13,1
"153",13,1
"154",13,1
"155",2,1
"156",13,1
"157",13,2
"158",13,1
"159",13,2
"160",2,2
"161",13,1
"162",13,2
"163",13,2
"164",13,2
"165",13,2
"166",13,1
"167",2,1
"168",13,1
"169",0,1
"170",13,1
"171",2,1
"172",13,2
"173",0,1
"174",0,2
"175",1,1
"176",0,2
"177",13,1
"178",1,1
"179",0,1
"180",13,2
"181",13,1
"182",13,3
"183",1,2
"184",13,3
"185",13,1
"186",13,1
"187",13,2
"188",0,1
"189",13,1
"190",13,2
"191",13,2
"192",13,1
"193",13,3
"194",1,1
"195",13,2
"196",13,1
"197",0,1
"198",13,1
"199",13,2
"200",13,4
"201",13,1
"202",13,2
"203",13,4
"204",13,1
"205",13,1
"206",13,2
"207",13,1
"208",2,4
"209",0,2
"210",13,1
"211",13,3
"212",13,1
"213",13,2
"214",13,2
"215",0,1
"216",1,3
"217",13,4
"218",13,1
"219",0,4
"220",13,1
"221",13,1
"222",13,2
"223",1,2
"224",0,1
"225",2,2
"226",2,1
"227",3,1
"228",13,1
"229",0,1
"230",0,1
"231",0,1
"232",13,2
"233",13,2
"234",13,3
"235",13,2
"236",0,1
"237",1,1
"238",13,2
"239",2,2
"240",13,3
"241",13,3
"242",13,4
"243",0,2
"244",13,1
"245",13,3
"246",0,1
"247",0,1
"248",0,1
"249",13,2
"250",0,1
"251",0,1
"252",0,1
"253",13,1
"254",13,2
"255",0,1
"256",2,1
"257",13,1
"258",13,2
"259",13,1
"260",13,2
"261",13,2
"262",0,1
"263",13,2
"264",13,2
"265",2,2
"266",0,2
"267",13,1
"268",0,1
"269",13,1
"270",0,1
"271",13,1
"272",13,1
"273",0,1
"274",2,1
"275",13,2
"276",0,1
"277",0,2
"278",2,1
"279",2,2
"280",13,1
"281",13,2
"282",13,1
"283",13,1
"284",13,1
"285",0,1
"286",13,3
"287",3,1
"288",13,2
"289",0,1
"290",13,2
"291",13,1
"292",13,1
"293",3,1
"294",0,1
"295",0,2
"296",13,4
"297",13,1
"298",13,1
"299",13,1
"300",13,2
"301",13,4
"302",13,4
"303",14,1
"304",3,1
"305",1,2
"306",14,4
"307",14,2
"308",14,2
"309",1,1
"310",14,2
"311",2,1
"312",3,1
"313",3,2
"314",14,2
"315",14,3
"316",3,1
"317",2,1
"318",14,1
"319",0,2
"320",0,4
"321",1,1
"322",14,2
"323",14,2
"324",2,1
"325",14,1
"326",1,3
"327",14,1
"328",14,2
"329",14,1
"330",14,1
"331",3,1
"332",14,1
"333",14,4
"334",3,1
"335",3,4
"336",14,1
"337",14,1
"338",14,1
"339",14,1
"340",14,3
"341",14,1
"342",14,3
"343",1,1
"344",3,1
"345",1,3
"346",3,2
"347",14,2
"348",14,2
"349",14,1
"350",14,1
"351",14,1
"352",14,2
"353",14,2
"354",14,1
"355",14,2
"356",14,1
"357",14,3
"358",14,1
"359",14,2
"360",14,4
"361",1,1
"362",14,2
"363",14,2
"364",14,1
"365",14,1
"366",1,1
"367",1,2
"368",14,2
"369",14,1
"370",1,4
"371",1,1
"372",14,1
"373",14,1
"374",14,1
"375",14,1
"376",3,1
"377",2,2
"378",1,4
"379",3,2
"380",14,1
"381",2,1
"382",1,1
"383",14,1
"384",2,3
"385",14,1
"386",14,2
"387",14,1
"388",14,1
"389",14,2
"390",14,4
"391",14,2
"392",1,2
"393",1,1
"394",2,4
"395",14,2
"396",1,1
"397",14,2
"398",14,4
"399",14,4
"400",14,1
"401",14,5
"402",14,1
"403",14,1
"404",14,2
"405",14,3
"406",14,1
"407",3,2
"408",1,2
"409",14,3
"410",14,2
"411",14,1
"412",14,1
"413",14,3
"414",1,2
"415",14,2
"416",14,1
"417",14,2
"418",1,1
"419",14,1
"420",14,1
"421",3,1
"422",3,2
"423",3,4
"424",14,2
"425",14,2
"426",14,1
"427",14,2
"428",14,4
"429",0,2
"430",14,2
"431",0,1
"432",14,2
"433",0,1
"434",14,4
"435",14,1
"436",14,1
"437",14,1
"438",14,1
"439",14,3
"440",14,2
"441",1,1
"442",3,1
"443",14,5
"444",14,1
"445",3,1
"446",3,1
"447",14,2
"448",14,1
"449",14,2
"450",14,2
"451",14,2
"452",14,2
"453",14,4
"454",14,1
"455",14,1
"456",14,1
"457",2,2
"458",3,1
"459",14,2
"460",14,2
"461",14,1
"462",14,1
"463",2,1
"464",14,3
"465",1,1
"466",14,2
"467",14,2
"468",14,2
"469",14,1
"470",14,2
"471",3,1
"472",14,2
"473",0,1
"474",0,2
"475",14,1
"476",1,4
"477",2,1
"478",14,1
"479",14,1
"480",14,2
"481",14,3
"482",2,1
"483",2,4
"484",14,1
"485",14,1
"486",1,2
"487",1,1
"488",14,2
"489",1,3
"490",1,2
"491",14,3
"492",1,1
"493",1,1
"494",14,1
"495",1,2
"496",14,2
"497",1,3
"498",14,1
"499",14,1
"500",14,2
"501",1,2
"502",2,1
"503",1,1
"504",1,2
"505",14,2
"506",14,2
"507",1,4
"508",2,4
"509",2,2
"510",1,1
"511",1,4
"512",1,2
"513",1,5
"514",0,2
"515",14,2
"516",1,2
"517",1,1
"518",14,2
"519",14,2
"520",14,5
"521",0,1
"522",1,1
"523",1,1
"524",14,1
"525",2,2
"526",0,1
"527",0,1
"528",14,4
"529",14,2
"530",14,3
"531",14,1
"532",14,1
"533",2,1
"534",14,2
"535",0,1
"536",0,1
"537",0,2
"538",0,1
"539",14,4
"540",14,2
"541",14,5
"542",4,2
"543",14,1
"544",1,3
"545",15,1
"546",1,1
"547",15,1
"548",15,2
"549",15,1
"550",15,1
"551",3,2
"552",15,1
"553",15,2
"554",15,1
"555",15,2
"556",2,1
"557",1,1
"558",1,1
"559",15,1
"560",15,1
"561",1,2
"562",15,1
"563",1,1
"564",2,1
"565",2,2
"566",15,1
"567",2,1
"568",2,1
"569",15,1
"570",15,2
"571",15,2
"572",15,2
"573",1,1
"574",1,2
"575",15,2
"576",15,2
"577",15,3
"578",1,1
"579",1,3
"580",1,2
"581",0,4
"582",1,4
"583",1,2
"584",1,2
"585",1,2
"586",2,1
"587",1,1
"588",1,1
"589",1,3
"590",1,1
"591",1,1
"592",1,1
"593",1,2
"594",1,2
"595",1,1
"596",1,2
"597",1,1
"598",1,1
"599",15,1
"600",2,1
"601",1,2
"602",3,1
"603",1,2
"604",15,4
"605",15,1
"606",15,1
"607",15,1
"608",4,1
"609",15,1
"610",15,2
"611",15,2
"612",15,2
"613",15,4
"614",1,1
"615",5,1
"616",15,1
"617",2,1
"618",15,1
"619",15,1
"620",15,1
"621",15,2
"622",15,4
"623",15,2
"624",15,1
"625",2,5
"626",15,2
"627",15,2
"628",15,1
"629",15,2
"630",15,1
"631",15,1
"632",15,2
"633",3,1
"634",15,1
"635",15,4
"636",15,1
"637",15,2
"638",15,1
"639",15,2
"640",15,2
"641",15,1
"642",15,1
"643",15,1
"644",15,1
"645",15,2
"646",15,1
"647",15,2
"648",15,1
"649",15,4
"650",15,2
"651",3,2
"652",15,1
"653",15,4
"654",15,3
"655",15,1
"656",15,1
"657",15,2
"658",1,2
"659",15,3
"660",15,2
"661",1,1
"662",15,1
"663",1,2
"664",15,1
"665",15,4
"666",15,1
"667",15,2
"668",15,1
"669",15,1
"670",15,1
"671",15,2
"672",15,1
"673",15,2
"674",15,4
"675",15,2
"676",15,2
"677",15,2
"678",2,2
"679",15,3
"680",15,3
"681",4,2
"682",15,3
"683",15,1
"684",15,1
"685",15,2
"686",0,1
"687",15,1
"688",2,1
"689",3,1
"690",15,2
"691",15,2
"692",15,2
"693",3,2
"694",15,2
"695",1,1
"696",1,2
"697",15,1
"698",15,2
"699",15,2
"700",5,1
"701",15,1
"702",1,1
"703",15,2
"704",15,1
"705",15,4
"706",15,4
"707",2,2
"708",15,1
"709",2,1
"710",15,1
"711",15,1
"712",15,2
"713",15,1
"714",15,4
"715",0,4
"716",15,4
"717",15,1
"718",15,2
"719",15,4
"720",3,1
"721",15,1
"722",1,1
"723",1,2
"724",0,2
"725",1,2
"726",0,1
"727",15,1
"728",15,2
"729",15,1
"730",15,2
"731",15,3
"732",15,1
"733",15,2
"734",15,1
"735",15,2
"736",15,2
"737",0,1
"738",2,1
"739",15,1
"740",0,1
"741",0,2
"742",15,1
"743",15,1
"744",0,1
"745",0,2
"746",0,1
"747",3,1
"748",15,1
"749",2,1
"750",15,3
"751",2,1
"752",1,2
"753",1,1
"754",0,1
"755",0,2
"756",15,2
"757",15,2
"758",0,1
"759",15,1
"760",15,1
"761",15,1
"762",0,2
"763",0,1
"764",1,1
"765",1,3
"766",1,4
"767",0,1
"768",0,4
"769",1,1
"770",1,2
"771",15,1
"772",15,2
"773",1,2
"774",15,1
"775",15,1
"776",15,2
"777",4,1
"778",4,2
"779",15,1
"780",15,2
"781",15,4
"782",16,2
"783",16,1
"784",5,4
"785",16,1
"786",16,1
"787",16,1
"788",16,4
"789",16,2
"790",6,1
"791",16,1
"792",1,2
"793",16,1
"794",16,2
"795",0,2
"796",16,1
"797",16,5
"798",16,4
"799",1,1
"800",5,1
"801",16,1
"802",1,1
"803",16,4
"804",2,3
"805",2,4
"806",16,1
"807",16,1
"808",16,1
"809",16,2
"810",0,2
"811",16,2
"812",16,1
"813",0,1
"814",16,1
"815",16,2
"816",1,1
"817",1,2
"818",17,2
"819",2,1
"820",17,1
"821",5,1
"822",6,1
"823",17,2
"824",17,2
"825",17,1
"826",17,2
"827",2,3
"828",2,1
"829",2,2
"830",2,2
"831",17,2
"832",17,1
"833",17,1
"834",17,2
"835",1,1
"836",1,1
"837",2,4
"838",5,4
"839",1,1
"840",17,2
"841",1,1
"842",1,1
"843",3,1
"844",3,2
"845",17,1
"846",3,2
"847",17,1
"848",4,2
"849",4,4
"850",3,3
"851",3,4
"852",2,1
"853",4,2
"854",3,4
"855",17,4
"856",3,1
"857",3,2
"858",17,1
"859",17,2
"860",17,1
"861",6,1
"862",17,2
"863",1,1
"864",3,1
"865",3,1
"866",3,2
"867",17,1
"868",17,2
"869",3,1
"870",3,2
"871",5,1
"872",2,1
"873",1,2
"874",17,2
"875",17,4
"876",3,3
"877",3,4
"878",3,2
"879",17,2
"880",17,1
"881",1,1
"882",1,5
"883",17,2
"884",1,1
"885",3,2
"886",4,5
"887",3,3
"888",17,1
"889",3,1
"890",17,2
"891",2,1
"892",17,2
"893",17,2
"894",17,4
"895",1,1
"896",17,1
"897",1,2
"898",17,2
"899",17,1
"900",17,2
"901",17,4
"902",17,1
"903",17,2
"904",17,1
"905",1,1
"906",17,2
"907",2,2
"908",17,4
"909",1,1
"910",17,1
"911",0,2
"912",6,2
"913",3,3
"914",3,2
"915",17,1
"916",17,2
"917",17,1
"918",17,1
"919",17,2
"920",1,1
"921",2,1
"922",1,1
"923",1,1
"924",3,1
"925",1,1
"926",17,1
"927",0,1
"928",17,1
"929",2,2
"930",1,2
"931",3,2
"932",17,2
"933",1,2
"934",4,2
"935",2,1
"936",3,3
"937",17,3
"938",2,1
"939",17,1
"940",17,2
"941",17,1
"942",17,2
"943",3,4
"944",1,2
"945",17,2
"946",17,1
"947",17,2
"948",17,4
"949",17,5
"950",5,1
"951",17,1
"952",17,2
"953",0,1
"954",0,1
"955",1,1
"956",3,1
"957",18,4
"958",5,1
"959",18,1
"960",18,2
"961",2,1
"962",1,1
"963",5,1
"964",2,1
"965",2,2
"966",2,1
"967",18,1
"968",18,2
"969",2,1
"970",2,1
"971",18,1
"972",4,1
"973",5,2
"974",5,1
"975",4,2
"976",18,1
"977",18,1
"978",4,1
"979",18,4
"980",4,1
"981",18,1
"982",6,2
"983",18,3
"984",18,1
"985",4,1
"986",18,3
"987",18,1
"988",2,3
"989",5,1
"990",5,4
"991",18,2
"992",7,1
"993",1,1
"994",18,1
"995",18,1
"996",1,1
"997",18,1
"998",18,1
"999",4,1
"1000",4,2
"1001",1,2
"1002",18,2
"1003",18,2
"1004",1,1
"1005",18,4
"1006",4,4
"1007",18,2
"1008",18,2
"1009",1,2
"1010",18,2
"1011",1,1
"1012",18,2
"1013",2,1
"1014",2,5
"1015",18,4
"1016",2,1
"1017",1,1
"1018",3,1
"1019",18,2
"1020",4,1
"1021",1,1
"1022",2,3
"1023",18,3
"1024",6,1
"1025",6,2
"1026",1,2
"1027",18,2
"1028",18,1
"1029",18,1
"1030",18,2
"1031",18,4
"1032",4,1
"1033",4,1
"1034",18,1
"1035",5,2
"1036",2,1
"1037",5,2
"1038",0,1
"1039",1,4
"1040",1,1
"1041",1,2
"1042",1,4
"1043",18,1
"1044",18,2
"1045",18,1
"1046",18,1
"1047",18,4
"1048",18,2
"1049",2,1
"1050",18,1
"1051",18,1
"1052",1,1
"1053",3,1
"1054",3,4
"1055",18,4
"1056",1,1
"1057",7,1
"1058",7,2
"1059",0,1
"1060",2,1
"1061",18,1
"1062",18,1
"1063",18,4
"1064",1,4
"1065",7,2
"1066",6,1
"1067",18,2
"1068",5,1
"1069",18,2
"1070",18,2
"1071",18,2
"1072",0,1
"1073",0,4
"1074",18,4
"1075",18,1
"1076",18,1
"1077",18,3
"1078",18,4
"1079",18,1
"1080",1,1
"1081",4,2
"1082",18,1
"1083",18,2
"1084",18,2
"1085",0,1
"1086",18,3
"1087",0,1
"1088",0,4
"1089",1,1
"1090",1,2
"1091",1,4
"1092",3,3
"1093",18,2
"1094",5,2
"1095",5,4
"1096",1,1
"1097",4,2
"1098",4,1
"1099",18,1
"1100",3,1
"1101",18,3
"1102",4,2
"1103",6,2
"1104",18,4
"1105",7,2
"1106",1,1
"1107",18,2
"1108",18,2
"1109",18,1
"1110",18,2
"1111",3,3
"1112",3,2
"1113",3,3
"1114",18,2
"1115",1,1
"1116",1,2
"1117",19,1
"1118",19,1
"1119",19,2
"1120",19,1
"1121",19,3
"1122",19,4
"1123",6,3
"1124",19,1
"1125",1,1
"1126",19,2
"1127",1,1
"1128",6,1
"1129",6,2
"1130",19,1
"1131",19,4
"1132",19,1
"1133",19,1
"1134",2,1
"1135",4,3
"1136",9,1
"1137",9,2
"1138",19,4
"1139",19,1
"1140",19,1
"1141",0,1
"1142",19,2
"1143",19,3
"1144",1,1
"1145",19,5
"1146",4,1
"1147",19,4
"1148",1,1
"1149",19,3
"1150",7,2
"1151",19,1
"1152",1,1
"1153",4,2
"1154",1,1
"1155",3,2
"1156",1,1
"1157",19,1
"1158",1,1
"1159",19,1
"1160",19,1
"1161",0,1
"1162",1,1
"1163",5,1
"1164",5,2
"1165",19,1
"1166",19,2
"1167",4,2
"1168",19,1
"1169",19,1
"1170",2,1
"1171",19,2
"1172",1,2
"1173",6,3
"1174",0,1
"1175",5,1
"1176",19,1
"1177",7,2
"1178",19,2
"1179",2,4
"1180",19,2
"1181",1,2
"1182",19,2
"1183",6,5
"1184",4,4
"1185",7,4
"1186",7,5
"1187",19,2
"1188",7,2
"1189",4,1
"1190",0,1
"1191",19,2
"1192",2,1
"1193",0,1
"1194",19,4
"1195",19,1
"1196",19,2
"1197",1,1
"1198",0,1
"1199",3,2
"1200",3,1
"1201",3,5
"1202",19,1
"1203",7,1
"1204",4,2
"1205",1,1
"1206",6,2
"1207",6,4
"1208",19,4
"1209",19,4
"1210",3,1
"1211",4,1
"1212",19,4
"1213",1,3
"1214",0,1
"1215",0,2
"1216",1,1
"1217",4,1
"1218",0,2
"1219",1,1
"1220",0,1
"1221",19,2
"1222",1,2
"1223",19,2
"1224",19,1
"1225",19,4
"1226",0,2
"1227",8,1
"1228",0,1
"1229",1,1
"1230",0,1
"1231",5,2
"1232",1,1
"1233",0,1
"1234",19,1
"1235",19,2
"1236",1,1
"1237",0,2
"1238",19,3
"1239",1,2
"1240",0,2
"1241",19,5
"1242",4,3
"1243",2,1
"1244",19,1
"1245",1,3
"1246",1,1
"1247",0,1
"1248",5,1
"1249",3,1
"1250",20,1
"1251",20,2
"1252",20,2
"1253",1,2
"1254",1,2
"1255",20,3
"1256",6,1
"1257",20,1
"1258",20,2
"1259",20,1
"1260",2,4
"1261",4,1
"1262",0,1
"1263",2,3
"1264",4,3
"1265",1,1
"1266",20,4
"1267",4,4
"1268",20,1
"1269",8,1
"1270",20,1
"1271",6,1
"1272",6,2
"1273",20,1
"1274",20,2
"1275",1,2
"1276",20,2
"1277",2,2
"1278",20,5
"1279",20,1
"1280",20,2
"1281",1,1
"1282",1,2
"1283",0,1
"1284",2,1
"1285",5,3
"1286",2,1
"1287",20,1
"1288",1,2
"1289",20,1
"1290",20,2
"1291",3,1
"1292",1,1
"1293",1,1
"1294",3,4
"1295",9,2
"1296",10,1
"1297",20,2
"1298",1,2
"1299",2,1
"1300",20,1
"1301",20,2
"1302",3,1
"1303",0,1
"1304",20,2
"1305",1,1
"1306",1,1
"1307",1,1
"1308",7,1
"1309",0,1
"1310",2,1
"1311",9,1
"1312",0,1
"1313",0,3
"1314",5,1
"1315",1,1
"1316",0,1
"1317",0,1
"1318",2,1
"1319",2,2
"1320",2,4
"1321",20,3
"1322",6,3
"1323",6,4
"1324",2,2
"1325",0,2
"1326",0,1
"1327",7,5
"1328",1,2
"1329",0,2
"1330",4,1
"1331",4,2
"1332",1,1
"1333",20,2
"1334",2,1
"1335",20,2
"1336",20,1
"1337",20,4
"1338",0,1
"1339",0,1
"1340",0,2
"1341",20,1
"1342",1,1
"1343",4,4
"1344",20,1
"1345",5,1
"1346",0,1
"1347",1,1
"1348",21,2
"1349",1,5
"1350",1,5
"1351",0,3
"1352",2,1
"1353",9,1
"1354",2,1
"1355",21,1
"1356",4,3
"1357",4,1
"1358",21,1
"1359",6,2
"1360",21,1
"1361",3,1
"1362",0,2
"1363",3,1
"1364",21,1
"1365",6,1
"1366",6,2
"1367",3,5
"1368",1,1
"1369",6,1
"1370",2,1
"1371",21,1
"1372",1,1
"1373",21,1
"1374",10,1
"1375",0,2
"1376",1,1
"1377",6,2
"1378",3,1
"1379",10,4
"1380",21,1
"1381",1,1
"1382",9,1
"1383",1,1
"1384",11,1
"1385",4,4
"1386",9,2
"1387",1,5
"1388",21,1
"1389",1,1
"1390",2,1
"1391",1,2
"1392",21,1
"1393",7,2
"1394",21,1
"1395",8,2
"1396",8,4
"1397",2,1
"1398",2,1
"1399",0,1
"1400",1,2
"1401",21,1
"1402",21,2
"1403",1,2
"1404",21,2
"1405",3,2
"1406",0,1
"1407",1,1
"1408",1,2
"1409",1,4
"1410",4,1
"1411",10,1
"1412",1,1
"1413",0,4
"1414",1,2
"1415",2,4
"1416",8,2
"1417",21,1
"1418",3,1
"1419",21,1
"1420",21,1
"1421",2,1
"1422",21,3
"1423",0,1
"1424",2,1
"1425",0,1
"1426",0,1
"1427",9,2
"1428",22,2
"1429",1,1
"1430",22,3
"1431",10,2
"1432",22,2
"1433",22,4
"1434",1,4
"1435",22,1
"1436",1,1
"1437",22,1
"1438",22,4
"1439",1,3
"1440",22,4
"1441",1,1
"1442",1,1
"1443",9,2
"1444",4,4
"1445",2,1
"1446",0,1
"1447",4,1
"1448",4,2
"1449",1,2
"1450",1,1
"1451",2,1
"1452",2,2
"1453",1,1
"1454",1,1
"1455",1,1
"1456",5,1
"1457",1,2
"1458",22,1
"1459",6,1
"1460",2,5
"1461",4,2
"1462",5,1
"1463",5,2
"1464",1,1
"1465",1,2
"1466",1,1
"1467",1,3
"1468",22,4
"1469",3,1
"1470",10,1
"1471",2,1
"1472",22,2
"1473",22,4
"1474",22,2
"1475",11,3
"1476",1,3
"1477",22,3
"1478",22,4
"1479",22,5
"1480",1,2
"1481",6,4
"1482",8,1
"1483",10,1
"1484",9,5
"1485",10,4
"1486",22,2
"1487",11,2
"1488",3,2
"1489",0,3
"1490",10,2
"1491",8,2
"1492",12,4
"1493",10,5
"1494",1,1
"1495",10,2
"1496",7,3
"1497",22,4
"1498",22,2
"1499",0,1
"1500",0,1
"1501",22,1
"1502",22,3
"1503",22,5
"1504",1,2
"1505",4,1
"1506",1,1
"1507",22,2
"1508",9,1
"1509",9,2
"1510",2,4
"1511",2,2
"1512",2,2
"1513",22,1
"1514",4,3
"1515",0,1
"1516",22,3
"1517",22,1
"1518",5,1
"1519",2,1
"1520",1,1
"1521",4,4
"1522",0,1
"1523",8,1
"1524",8,2
"1525",22,1
"1526",22,2
"1527",3,1
"1528",0,3
"1529",9,1
"1530",0,1
"1531",3,1
"1532",0,1
"1533",3,1
"1534",7,2
"1535",0,1
"1536",0,2
"1537",0,4
"1538",4,1
"1539",1,1
"1540",0,1
"1541",2,2
"1542",1,1
"1543",1,1
"1544",1,1
"1545",1,2
"1546",1,4
"1547",1,1
"1548",1,2
"1549",1,2
"1550",1,1
"1551",1,1
"1552",2,1
"1553",2,1
"1554",1,1
"1555",23,2
"1556",23,1
"1557",2,1
"1558",2,3
"1559",2,4
"1560",0,1
"1561",1,1
"1562",1,3
"1563",10,2
"1564",1,1
"1565",3,5
"1566",1,1
"1567",1,2
"1568",5,1
"1569",5,3
"1570",2,2
"1571",3,1
"1572",23,1
"1573",2,2
"1574",23,2
"1575",11,2
"1576",6,2
"1577",5,2
"1578",23,2
"1579",2,2
"1580",7,1
"1581",3,1
"1582",23,2
"1583",0,1
"1584",1,1
"1585",1,3
"1586",1,1
"1587",1,3
"1588",0,2
"1589",3,1
"1590",9,1
"1591",9,2
"1592",23,1
"1593",23,2
"1594",8,3
"1595",23,2
"1596",4,1
"1597",1,3
"1598",5,5
"1599",3,2
"1600",2,1
"1601",2,2
"1602",4,1
"1603",4,1
"1604",1,1
"1605",6,3
"1606",6,2
"1607",10,2
"1608",23,1
"1609",3,2
"1610",0,1
"1611",23,1
"1612",23,1
"1613",23,3
"1614",6,2
"1615",6,4
"1616",23,2
"1617",23,4
"1618",2,1
"1619",0,1
"1620",23,1
"1621",0,2
"1622",23,4
"1623",1,1
"1624",3,1
"1625",3,2
"1626",5,5
"1627",1,2
"1628",3,1
"1629",5,1
"1630",8,3
"1631",1,1
"1632",0,1
"1633",2,1
"1634",1,2
"1635",1,2
"1636",3,4
"1637",2,1
"1638",3,1
"1639",1,1
"1640",5,3
"1641",3,1
"1642",3,1
"1643",7,2
"1644",9,1
"1645",9,2
"1646",23,1
"1647",23,2
"1648",9,3
"1649",9,4
"1650",7,1
"1651",7,2
"1652",23,4
"1653",1,1
"1654",1,3
"1655",1,1
"1656",1,3
"1657",4,1
"1658",2,1
"1659",0,2
"1660",1,1
"1661",2,1
"1662",3,1
"1663",0,1
"1664",0,3
"1665",1,2
"1666",23,3
"1667",4,1
"1668",4,2
"1669",1,1
"1670",11,1
"1671",4,1
"1672",0,1
"1673",3,1
"1674",1,2
"1675",3,2
"1676",1,2
"1677",3,2
"1678",4,4
"1679",4,1
"1680",1,2
"1681",1,1
"1682",1,1
"1683",1,2
"1684",2,1
"1685",24,1
"1686",24,2
"1687",24,4
"1688",1,2
"1689",1,3
"1690",1,1
"1691",4,1
"1692",1,1
"1693",2,1
"1694",0,1
"1695",0,3
"1696",0,4
"1697",24,2
"1698",1,2
"1699",0,2
"1700",8,1
"1701",8,5
"1702",1,1
"1703",3,2
"1704",1,1
"1705",10,2
"1706",10,4
"1707",8,1
"1708",1,2
"1709",11,1
"1710",24,1
"1711",24,2
"1712",1,1
"1713",0,1
"1714",3,1
"1715",5,2
"1716",0,2
"1717",2,3
"1718",13,1
"1719",24,2
"1720",1,3
"1721",4,1
"1722",5,2
"1723",0,1
"1724",24,4
"1725",0,1
"1726",11,1
"1727",4,1
"1728",2,1
"1729",3,3
"1730",5,2
"1731",2,1
"1732",11,2
"1733",24,1
"1734",12,2
"1735",0,1
"1736",11,4
"1737",1,2
"1738",4,2
"1739",11,1
"1740",2,2
"1741",10,2
"1742",2,1
"1743",1,3
"1744",1,2
"1745",24,2
"1746",0,2
"1747",2,2
"1748",3,1
"1749",6,3
"1750",0,1
"1751",0,4
"1752",6,2
"1753",4,2
"1754",0,1
"1755",4,1
"1756",5,2
"1757",2,3
"1758",7,3
"1759",3,1
"1760",3,2
"1761",2,3
"1762",1,2
"1763",1,1
"1764",1,3
"1765",6,1
"1766",25,2
"1767",5,2
"1768",1,1
"1769",3,1
"1770",2,1
"1771",2,3
"1772",10,3
"1773",2,1
"1774",1,1
"1775",1,2
"1776",3,1
"1777",1,1
"1778",0,4
"1779",8,1
"1780",1,1
"1781",1,1
"1782",12,4
"1783",1,2
"1784",5,1
"1785",3,1
"1786",12,5
"1787",7,1
"1788",6,2
"1789",4,1
"1790",4,2
"1791",10,1
"1792",10,2
"1793",9,2
"1794",6,2
"1795",8,1
"1796",1,1
"1797",3,2
"1798",1,1
"1799",13,1
"1800",1,2
"1801",0,1
"1802",3,2
"1803",2,2
"1804",1,1
"1805",2,1
"1806",0,1
"1807",1,2
"1808",3,2
"1809",25,4
"1810",5,1
"1811",7,2
"1812",0,1
"1813",14,1
"1814",5,2
"1815",2,2
"1816",25,2
"1817",1,1
"1818",3,1
"1819",5,2
"1820",2,1
"1821",4,1
"1822",12,5
"1823",0,1
"1824",1,1
"1825",9,1
"1826",0,1
"1827",6,4
"1828",1,2
"1829",2,1
"1830",3,3
"1831",0,1
"1832",7,1
"1833",4,1
"1834",2,2
"1835",6,1
"1836",2,1
"1837",26,4
"1838",26,3
"1839",26,1
"1840",6,3
"1841",8,2
"1842",12,1
"1843",5,1
"1844",5,2
"1845",26,4
"1846",3,1
"1847",3,2
"1848",1,1
"1849",1,4
"1850",4,1
"1851",2,1
"1852",1,1
"1853",3,2
"1854",2,1
"1855",2,2
"1856",2,2
"1857",26,1
"1858",1,2
"1859",1,2
"1860",1,1
"1861",0,1
"1862",2,1
"1863",2,2
"1864",2,4
"1865",26,1
"1866",6,4
"1867",3,2
"1868",26,3
"1869",3,1
"1870",2,1
"1871",3,4
"1872",3,1
"1873",26,2
"1874",6,2
"1875",1,1
"1876",5,1
"1877",1,3
"1878",4,1
"1879",6,3
"1880",6,2
"1881",1,2
"1882",0,1
"1883",0,2
"1884",2,1
"1885",6,1
"1886",3,1
"1887",2,1
"1888",6,1
"1889",0,1
"1890",7,2
"1891",6,2
"1892",2,1
"1893",2,3
"1894",2,1
"1895",0,1
"1896",8,1
"1897",1,4
"1898",10,1
"1899",13,1
"1900",0,2
"1901",1,2
"1902",2,1
"1903",1,1
"1904",1,1
"1905",10,1
"1906",3,2
"1907",6,2
"1908",1,1
"1909",3,1
"1910",3,1
"1911",6,2
"1912",8,3
"1913",2,1
"1914",2,5
"1915",1,2
"1916",2,2
"1917",15,3
"1918",1,1
"1919",26,1
"1920",26,2
"1921",8,2
"1922",6,3
"1923",7,2
"1924",8,2
"1925",3,1
"1926",0,3
"1927",1,1
"1928",2,1
"1929",2,1
"1930",7,2
"1931",7,1
"1932",2,4
"1933",2,4
"1934",2,4
"1935",0,2
"1936",0,1
"1937",5,2
"1938",7,2
"1939",0,3
"1940",0,3
"1941",15,1
"1942",6,4
"1943",0,1
"1944",0,4
"1945",2,2
"1946",1,3
"1947",3,1
"1948",26,1
"1949",26,2
"1950",0,1
"1951",2,1
"1952",26,1
"1953",0,1
"1954",0,4
"1955",0,1
"1956",9,1
"1957",9,2
"1958",1,3
"1959",14,1
"1960",5,1
"1961",14,5
"1962",7,1
"1963",7,2
"1964",7,4
"1965",1,1
"1966",3,1
"1967",10,2
"1968",6,2
"1969",8,1
"1970",8,2
"1971",15,1
"1972",1,1
"1973",1,1
"1974",1,1
"1975",1,2
"1976",27,2
"1977",13,3
"1978",13,4
"1979",1,1
"1980",1,1
"1981",8,1
"1982",1,1
"1983",1,1
"1984",1,2
"1985",1,2
"1986",2,1
"1987",1,1
"1988",2,3
"1989",27,1
"1990",6,1
"1991",27,1
"1992",27,4
"1993",6,1
"1994",6,5
"1995",1,1
"1996",3,1
"1997",7,1
"1998",7,2
"1999",7,4
"2000",6,1
"2001",6,2
"2002",9,1
"2003",9,2
"2004",7,2
"2005",1,1
"2006",4,2
"2007",27,2
"2008",2,1
"2009",13,1
"2010",13,2
"2011",27,1
"2012",27,2
"2013",27,1
"2014",27,2
"2015",27,4
"2016",4,2
"2017",1,1
"2018",1,1
"2019",3,1
"2020",3,3
"2021",3,4
"2022",27,2
"2023",27,4
"2024",2,1
"2025",1,1
"2026",8,1
"2027",2,1
"2028",4,1
"2029",7,1
"2030",1,4
"2031",3,1
"2032",3,3
"2033",3,4
"2034",1,1
"2035",0,1
"2036",2,2
"2037",8,4
"2038",15,1
"2039",3,1
"2040",16,2
"2041",27,4
"2042",3,1
"2043",6,1
"2044",9,1
"2045",14,2
"2046",8,2
"2047",1,1
"2048",1,1
"2049",2,2
"2050",5,1
"2051",10,2
"2052",1,3
"2053",27,3
"2054",27,3
"2055",1,1
"2056",0,1
"2057",3,1
"2058",3,2
"2059",3,4
"2060",6,1
"2061",6,2
"2062",6,4
"2063",2,4
"2064",4,4
"2065",2,4
"2066",27,4
"2067",1,1
"2068",3,1
"2069",5,3
"2070",6,1
"2071",2,2
"2072",9,1
"2073",0,1
"2074",0,1
"2075",27,3
"2076",27,2
"2077",5,1
"2078",2,1
"2079",16,3
"2080",0,1
"2081",0,2
"2082",0,4
"2083",1,1
"2084",1,4
"2085",6,1
"2086",0,2
"2087",5,1
"2088",27,1
"2089",5,1
"2090",5,1
"2091",0,1
"2092",27,1
"2093",1,1
"2094",15,2
"2095",0,1
"2096",1,1
"2097",13,1
"2098",13,2
"2099",27,1
"2100",27,2
"2101",0,1
"2102",27,2
"2103",0,1
"2104",27,1
"2105",9,1
"2106",9,3
"2107",13,3
"2108",13,4
"2109",27,1
"2110",1,4
"2111",1,1
"2112",1,4
"2113",2,1
"2114",2,2
"2115",0,1
"2116",2,1
"2117",3,1
"2118",27,1
"2119",1,1
"2120",1,4
"2121",1,1
"2122",0,1
"2123",2,1
"2124",15,1
"2125",15,2
"2126",27,3
"2127",1,2
"2128",16,1
"2129",3,1
"2130",0,2
"2131",0,1
"2132",4,2
"2133",0,1
"2134",0,2
"2135",2,1
"2136",2,2
"2137",3,3
"2138",4,1
"2139",4,2
"2140",6,4
"2141",10,2
"2142",0,1
"2143",0,1
"2144",0,1
"2145",0,2
"2146",1,2
"2147",1,1
"2148",0,1
"2149",2,1
"2150",28,3
"2151",1,1
"2152",2,1
"2153",1,2
"2154",4,1
"2155",4,4
"2156",4,1
"2157",4,4
"2158",1,1
"2159",3,1
"2160",2,1
"2161",10,5
"2162",2,1
"2163",13,1
"2164",13,4
"2165",5,1
"2166",1,1
"2167",1,1
"2168",28,5
"2169",8,2
"2170",5,1
"2171",5,1
"2172",2,2
"2173",5,1
"2174",5,2
"2175",5,4
"2176",4,2
"2177",3,4
"2178",3,2
"2179",28,2
"2180",0,2
"2181",10,1
"2182",1,2
"2183",28,2
"2184",28,1
"2185",7,4
"2186",28,2
"2187",1,1
"2188",28,4
"2189",4,3
"2190",28,1
"2191",28,2
"2192",28,5
"2193",4,1
"2194",4,2
"2195",1,2
"2196",5,2
"2197",1,4
"2198",6,1
"2199",0,1
"2200",0,2
"2201",28,1
"2202",28,2
"2203",10,2
"2204",15,1
"2205",1,1
"2206",6,1
"2207",14,1
"2208",13,2
"2209",3,1
"2210",1,2
"2211",2,1
"2212",28,4
"2213",1,1
"2214",0,1
"2215",0,1
"2216",1,1
"2217",1,2
"2218",2,1
"2219",1,1
"2220",1,1
"2221",1,1
"2222",5,1
"2223",0,1
"2224",0,1
"2225",9,1
"2226",0,1
"2227",0,2
"2228",0,1
"2229",0,4
"2230",0,1
"2231",0,1
"2232",0,1
"2233",0,1
"2234",4,1
"2235",3,3
"2236",0,1
"2237",8,1
"2238",15,1
"2239",0,2
"2240",2,1
"2241",9,1
"2242",1,2
"2243",28,3
"2244",1,1
"2245",1,2
"2246",28,3
"2247",15,1
"2248",1,1
"2249",28,2
"2250",0,1
"2251",4,1
"2252",7,1
"2253",7,2
"2254",1,1
"2255",1,1
"2256",3,1
"2257",0,4
"2258",1,1
"2259",5,1
"2260",1,1
"2261",4,1
"2262",5,1
"2263",12,1
"2264",11,1
"2265",5,1
"2266",2,4
"2267",2,1
"2268",8,1
"2269",0,1
"2270",7,1
"2271",0,1
"2272",3,1
"2273",0,4
"2274",1,4
"2275",9,1
"2276",2,1
"2277",1,2
"2278",5,2
"2279",13,1
"2280",0,5
"2281",28,1
"2282",0,1
"2283",1,1
"2284",8,2
"2285",0,1
"2286",4,1
"2287",4,1
"2288",0,1
"2289",28,1
"2290",28,2
"2291",28,4
"2292",0,1
"2293",3,4
"2294",0,1
"2295",0,5
"2296",13,3
"2297",6,2
"2298",0,2
"2299",12,1
"2300",12,1
"2301",2,1
"2302",1,1
"2303",28,5
"2304",0,1
"2305",0,1
"2306",4,2
"2307",0,1
"2308",4,1
"2309",0,1
"2310",0,1
"2311",0,1
"2312",1,1
"2313",15,1
"2314",2,1
"2315",0,4
"2316",1,4
"2317",0,2
"2318",0,2
"2319",1,2
"2320",0,1
"2321",0,1
"2322",7,1
"2323",0,2
"2324",0,4
"2325",2,1
"2326",7,1
"2327",14,2
"2328",0,1
"2329",4,1
"2330",4,1
"2331",2,2
"2332",0,2
"2333",1,1
"2334",1,3
"2335",14,2
"2336",3,1
"2337",4,1
"2338",4,3
"2339",4,1
"2340",4,4
"2341",0,1
"2342",0,4
"2343",2,1
"2344",0,1
"2345",4,1
"2346",28,1
"2347",28,2
"2348",28,4
"2349",1,1
"2350",8,2
"2351",0,1
"2352",2,2
"2353",5,1
"2354",1,1
"2355",1,2
"2356",1,4
"2357",7,4
"2358",28,1
"2359",5,2
"2360",0,1
"2361",0,2
"2362",1,1
"2363",1,2
"2364",0,1
"2365",0,1
"2366",0,2
"2367",1,1
"2368",1,2
"2369",1,4
"2370",0,2
"2371",2,1
"2372",5,1
"2373",0,4
"2374",0,1
"2375",1,1
"2376",0,3
"2377",0,1
"2378",0,1
"2379",0,1
"2380",0,4
"2381",28,1
"2382",0,2
"2383",1,1
"2384",0,1
"2385",0,2
"2386",0,1
"2387",3,1
"2388",0,2
"2389",7,1
"2390",12,2
"2391",2,1
"2392",2,3
"2393",6,1
"2394",6,2
"2395",1,2
"2396",1,4
"2397",4,1
"2398",4,3
"2399",0,1
"2400",0,2
"2401",1,1
"2402",1,2
"2403",29,2
"2404",29,1
"2405",1,1
"2406",2,2
"2407",1,1
"2408",0,1
"2409",0,4
"2410",1,1
"2411",1,4
"2412",3,1
"2413",1,1
"2414",17,2
"2415",2,1
"2416",2,3
"2417",0,1
"2418",0,2
"2419",1,1
"2420",1,2
"2421",1,4
"2422",7,2
"2423",29,1
"2424",0,2
"2425",1,2
"2426",2,1
"2427",2,3
"2428",1,1
"2429",1,4
"2430",1,1
"2431",1,1
"2432",10,2
"2433",0,5
"2434",6,1
"2435",6,2
"2436",0,1
"2437",0,2
"2438",0,4
"2439",5,1
"2440",5,2
"2441",5,4
"2442",1,2
"2443",0,1
"2444",1,1
"2445",0,5
"2446",1,1
"2447",5,1
"2448",1,5
"2449",1,1
"2450",29,5
"2451",29,3
"2452",1,1
"2453",1,1
"2454",2,2
"2455",2,1
"2456",29,1
"2457",29,3
"2458",1,2
"2459",2,1
"2460",1,2
"2461",0,1
"2462",1,1
"2463",6,1
"2464",1,1
"2465",1,2
"2466",1,1
"2467",5,2
"2468",0,1
"2469",2,1
"2470",2,3
"2471",29,1
"2472",29,2
"2473",0,1
"2474",4,1
"2475",4,1
"2476",13,1
"2477",6,1
"2478",9,1
"2479",15,1
"2480",1,2
"2481",29,1
"2482",5,2
"2483",29,4
"2484",16,3
"2485",8,1
"2486",3,2
"2487",3,4
"2488",4,2
"2489",4,4
"2490",4,1
"2491",1,2
"2492",6,1
"2493",1,1
"2494",1,2
"2495",29,1
"2496",3,1
"2497",1,1
"2498",5,1
"2499",5,3
"2500",0,1
"2501",0,4
"2502",1,1
"2503",1,4
"2504",1,1
"2505",12,2
"2506",5,1
"2507",1,1
"2508",9,1
"2509",9,2
"2510",3,1
"2511",0,2
"2512",3,2
"2513",1,1
"2514",4,3
"2515",6,3
